player_id,response_id
9724bf8baac95a8ed8204d8384af79e4,34860485e6e7c02a7d0ceb29f7626af5
4d0de67081ba63af019a8d0db284bcd6,bf66f31c7a3dc620fa0c46b4332e7a9d
fc1e6a4d06a2e36bfb70ead9868dba15,dc8feb859e8c7f2a4ab5451696cd9820
b7abe82f2c5b859ec9268446c321da1a,e90402746bb2e589e6a8075ac99a2578
ad6a395352efa6a12e56268b7ca6c822,8fd0e9c748c21cd822463af29f2e9c5a
9aa0a9658e007f2b650a9897e211e94f,f3135975cdb2901aa093f96639c65ac3
c186146a5bb7fb9be4ee74863a15eace,21096b2432f29e667d132a1684ad8a6b
8345068677f1e8da7c374dba70a4b07f,de00e05a39328a94eb59e0d8c8db71ba
97762d66de09c158ae6b61a99b5edc53,e6184e5da1e4941f02d91a5fadd36f89
a0e5ab8ae970e1ced0803f08aeb7a4e5,b83420df5aaa660ee7306e61b4c86e13
8930dcd9855317e70b8a7e40282dffa2,1b073e56f0de3822f440b478232e151b
b581eabebe116017809b1efa7cf1052b,75e756147dfb3b97877484abc3b5beef
44dd295b21197e962474a7bc6aeea689,a2e9f49012d5f76052f64391923479ce
c81fda21730c3880c0256056aa209e27,df7661938796030b3d0c0c240476e8d7
1ead1198b0a0765ae7486fb3d3d85022,5446640638fa2fe140a045861a35fe96
43889fbff5de79d6b3dedaefd66310ff,29256cec613a7cafa31a135542c54094
780df0cb40bcf178c122ff81b45f2fa6,3f6da2a35990f05b8814e7b59bb3cd58
51b9a487f68fb24e0d56838d5eb5a90e,1d4670eb1f18c5b8c4a987668e1b3741
9ad48c1b33dcbd2e500195c8a5d35ee5,008b9d28344c3baf16b34503ee92fa1d
204483d54c580d240d76b506978b1859,bdc48bde344bfaf52a4454b1d3750fc8
001f04ac0cfd5a2c274e0baba58e31f1,e8bb618683b38e9da8f75985c9f05b8d
82dddeac632cd0c1f19ce25d1c16d7b1,8980aa4d977557b65c151a0b237c8fb0
50b01aa4250bb6396ca08ef928c5c31f,07b640db0efad35ea83ce741b71780f7
679fd4605e1c1aba7727e07c30818576,23f52c66224e6de29249980496164ddd
f598c69c9cc8ae4b0423efdf311c9266,b1446450a354f2ed8844f1132223162c
054b8854f5091022e5746d192a5900c2,ef48b02119b04eb45b38c65c1343f315
500a16437f72e63b156537e2727c712e,f32007385e62f5b39a8cff69e471e3e3
697b3d63902f3045c2938e4adfc6e2a6,7111cbebd674242fd322b080d41fb007
a4c4c7f0a057ecff1a227d1a232d81bf,dc72cc29df474a6c6266550df4cad87c
6992c39eb9ee7867fe0f0fcec16b4100,cbfecde607ca6d1e1ad30009370674eb
c8751f630a650cae45b2fa0a28a5d3a2,3d766272cd7924fddae1a09cfa9c5193
38ae21805332d9a7b9179e448f74e44f,4c04fcade0a9dded2c2d733267b763c8
d1e5bd86f486f0acbcf5939f0d44d9f3,25694e7c0d3b3a5b5c601c3f40374fbd
c28b8ecc40c2449f7efb21a85eead193,a12265a8c8219d99e4a5af12ce750adc
bda0bad618c4f425f0b1fc6ddf6e9ad4,1bf6792f9b49a0e9ff74979b7729533f
fbe528aebf746ec7af5a5396bc74fde4,68cbc45e223437469eae37ebcac89b93
32cd34f4596c75b6ee69a8e8b4525fcd,f955e31da2d57627b0dc10820a504c40
24960e0ec1aabb6bd1b129e02c9d002f,910750cf897d172c042a2067335ba3e9
022a88335a089b1b5225d210d76da9f4,1976c0cdad47bd363efb96d366248a6e
14791ba868157cf1e1592df0cb1530fd,00e39e97f3943fe3f494989200ff9f98
68e9f539a879482b72c78e156abb74fa,e4a84f619da1a94ed31ff3b1188458bd
748f1d9f44a34c34da8bd22d7778144a,87fc44040ff8fe9c07493063211ce67e
76aa737118ad177c026688ec23e5ae84,b8ec3782d055fe034031f3a51494a2bb
9d927581451ffd8ca6402090552a06d6,2b89686d73f5ba8b3309264b691f2c7d
53aa72f1e795f46b7af915ceb0bf3c5c,1ae956c71b87fcb0950c71bb47062ee8
a2afa1751f05620c05b825aff5126654,62c1a03d1ba5a99c24484c0d17db817d
7d50917bd3d63cd5025cfff75ac28694,5bc41904fcf794f6e578e854db40c976
f46d442a06db0711acb0483fa0b9d695,7a931ee59ddb12a8221048f9e621734b
03408bc0f8e758b79e5716a85063d60e,4bac8ec132c3704f047bfb2d98173c1b
8565aea7d7bfb258ad435f77421c71d9,3b2a7e4798a5ede55865c45db1758ede
1659e6c1d871025d03b3941b49354dfb,ced4de97f44f8f8ad457c10248411bec
00dae0fcaeb9b3f37bc55afb3cca64d4,fde11c6cd31b5d111502ce11fbab0962
9c2f801c49c144c58e8c2c5ea715d69c,f8943d0fbea662b4225324565153abf0
85233c247eecf0f1d23e30848813f949,a9b31317cb95157c71ea1166df1abdf7
5c88e849cb011ef1b03f9561b48ad8bf,39f67581eadb9b09e303150754be0cbe
3a644ec890254549208b71503751ef5d,0adc475724e457ac96f67749d33b1034
9adfe77af0af23e0f77f64852e2dc158,9e54714c7e9fcfc56dd2d1838702990b
19188dda2f565e211bd6bc2cf5e51e06,36e93ab67ad3724d975081a4d54db66c
d7fe06543ef14873409fcf4c2a694f9e,5010fdb606236642ba2e99978a1f8d4e
b920fdf2ad2acb11c418640082d408a6,871d6ffa815c95cfed0c6940865480e7
80c9163343abe86982b0343c89f9afa0,5c44c0a6055b79e1d0021aa1360dace8
7930711eb9f0215eac512fcd3cbdb2da,dbfc6ae0706667b87fddaf65c16b6774
5cebb87092e89674f1efbb4af4a11ade,89dda1f65afd3fef97c03f39d86d5ffc
9305237c92764bdffb524fc06c6d34f6,1f309e5440bb7f6f0caa656d21f8eb7c
50b5990f052c4eba2f2c150e61611913,c65384a617d9e273931423743cd9abac
2830846a6ce67b9e2e9014cadd80ae63,91c38967ba9df5f62c119f85acdf46bc
6ea505aa240a4a81990fb39022f79e87,847fd889dcfa5e747c03bd93efb95134
81d9c634330df87896ac69378e789817,356609fd826aa387ac6a8858e5c3d7bf
aa2b6909a6910f147b0a3e8ec6707138,b09fac5e836024141baaeadebb6c29f4
eb7d5562742695f500e9014eb92d712f,ac54870856c7247189237fe46e7a9edf
4ab80261fa7ed6b8ad50fd0a81c7e518,5d9d5f8f169a3fda2a5e2cc73a00f123
fcb37cccea4217b1b6fe6790b583b4d1,ecc1671d3a0d05407e3e6018217d88f3
3a4feecb8191d56767991c82214207eb,0b61b2df6ee28447c59f59462dd2c2e9
00f7082c27b562ebd0b714db7e897863,d4f03510e9450d30955a7bafd4616ee0
ccb8ba8bd20cee31bba8165351815a0d,e340f0be63f26e2c4a75f14d6a3c2cad
d25c75c92b96c1a22132b4413bd36af5,85a5d5d3667513089aa55e8338f0f35b
b2c31ecbbb06a27f7d9f962267112619,4eb02bc8e7fbb8a096cf651664232321
e63b2473554c28dcdd530c5c25baf604,158903421480cbf7764295296465e951
def1efde057aedf918f0e917369a8f12,1865ad8787432fb03c9f1ddb64c8abe6
af60564c1b15573f4b569f5d603886ca,7fb784f17ade8dafcc845047078f0a3e
f6bb240a86ca46ff57ca33c94fecf5a0,cd8031529179fb2c4003845b5243e4e5
35b5492ee4337d572cb8ad70e4a6b2e5,dccaadf2eac122bbee736da79219dcbc
1baf9d35ced5897f4cb7141e0b9619f3,ce71befabfe10715196ec9178861a081
241b78417ffdb24a266325ecf123aced,09a0bd01f5a81104d9cea642879589ea
2155b1dbcfd3628efefa26da29475c30,2953790d414daa533876956ff55921c3
cd4b6279ba603a6e93cc9984dd7fe055,b0e923cac7189e9fbadfa92a78a6d06e
8226ba3395dddad62ac89fb4751e7cf2,45d9a9ecb6d05fab4cc8e3071f881d60
d6a4d514fe50e4688aac8b5f7e719f5e,a01384ecc3bc0924f50b9e4c74f42136
57bf04f7fd359cfd181fa3b3719b1a99,ca7a7940970f1b6d6058991dd4241743
8ee6ffb6bc16901c8f2f5b0fd8736258,acbc034e9b8dc772eda2b0a195bfcc0c
4e58779b3dfde6df8c73082498475dd2,5574fbba03b94b745c5beffdaf9f2e0a
241fe7386adfa83070965a4dfc472086,613350fea8e70fcabef13f3144d55262
96d0f55743496c65c0230afc3563c2fb,523fca0230b11cb9c0102f1e4db9517f
05297cf140c77cb3a833cac52a3cc5e8,0d9a395139e242a4d629091fa8357e64
8c5c7c5dd9c36e988c23027eb3ab2df2,6acdd48a4dcd20d58dc426f64d047a25
47c4e7278e3c148a43c4912f85bf6d42,547bdf2faccdfbfd4c3d04eb7b09cd04
ff170b54c55283eaca81cd8770566720,35ab0eaa4078a9b99d34da960e2d3b1c
1b35fdad5da5f6f4fd99de61563e3a63,2749b4c11f3a0001c9a08af3e448558d
21d96b1f6defb721b19468c54fd88006,1122cb94cc73b603d58b65e0ef42676d
de7a74bf8b15fd99539b9c6a03266e0c,c83debe6e7134b86c111fc4c862ed6f0
167cceb60476187bc495602f307b842e,4f8687c2d861edbadd825578b47be4e4
14fcd0db4016c61f3136ff875da9994b,c0ea9a79905b9bacfe2389db32cec1ca
bf0b1e4ba9c9f366a862c4883ad2e4bd,b1f00912026059f0526293f1ca949730
96e01d7e68d6d7f6ed1e65d1a8735b5b,468ba24d1a30acfc3eee198cb7b382a4
9693add280ace75e917af8582cf2cf3b,4c17517d1f2ff5aacf55b238628d6ef7
1de7dd97f7fff38ca11f7e07cf32b25c,393b2d89355d0dc167cd5c0ce9dfa2bb
233fcfd1e9ae1acd51f33f70a4c4af8a,f696febcc4807c4575d62a64c294dfd1
0b74c67ef73e4a5d1f706305f2258cc0,e9ba57531e22a1a896b36280b83e9f8b
3cf53068c624cb1e764781a72310f7f0,2849aa133310b784b6c207c89d10d4b7
19c9e0f530ce67b2dd2220e2ddece6cc,ebf205cc8944a2b72aa1ed45908e9de6
64e0e7042fababe394babcc96069b752,757d76869977b7f043b023b8b5e568eb
0d52a90e17d89c724f2d7ba673fe3ef6,81f0c7aeb4e1d9f37bddd5c5099cbb02
3c91f6a2da705aea28ce255bb23bbe3c,6e38805d5532ed3723ee08d801596235
9c698b40579ef71055b4486bc5fa8a5b,c6a1f1d645a556f8ea8e7b16224b27a3
fb1e941b8ddf5391dfa2fb2516ab9356,26193d8bf18c888c9cc3f3c97c8081c1
cc5edfacc51c88c343f00461dae38c0e,ddbd0f769eb7814951983a41f50494ee
15a8a43887e458704a72dad2789a24f7,0cea0ff52e50b1da5c347279bd4d9699
f49d6296a79c2a10ba7b7c6ec361f975,b4777405ea7f94e6f87321c8d2e9ee24
bd867df21a5f84249c5f8a4a8bfab35e,e1929a09362ab7075fbbddd1f2990719
bb34d0d4dd28d48c7e5d0d9cf6f61ad2,ff4352add05b960913a4eafa2d44a821
79f32e8b5152351e41803ade0ae6d64d,bb5ddb013e81bd5c790ee5d4f2454914
0b95587ba48ef2b584858d04b53901b9,5b2c3893dead9731f49103ad3939449f
cdec9dc7c64c08c0135f995fd6cb1d67,07bd52152429bcf62ea62a5f54df7283
afcc9292212c64cbc25e8a6ddaaa6454,672a70ac3e00eef033d3078f7669faa9
10269b87dccbd9053837b5ed0fd92a28,cb5a7b5236c50c7837cc348e15becd2a
c701528e78419e72d31965cc07000058,41b0bba346e039f7bd0bf6b357ae179f
6f80c0c728bce2280c41ee86683fa7cd,a5f70dda726d7bc2cf4af742d915151b
2618c0f8a2421a27da6eaaaa737277e3,8b848d5d94ed2814265297d96202ce7b
5aad514711e13374a18e80825fd38280,c353d2fe7e78f3e0924d9930fa9c899d
65328e7701b92a22a547c0d5df35c672,abc417733a824d1f963073bb70662cc0
3b860940bb0820b4c1327bc0ecf39ea0,08ad8eb48df6669d179ae7ec6c20db8c
dd89cfe98cc3abf59d17882eee8840b1,beecba7b59138b5daf731afd211035a3
eebe4e944018e441a4ac930ef0820580,87d6a1f9a497c7643546f28db3c8b222
170900d829aad782fd428ee065706d57,cda6791e1626cab01d02960ff35a5c61
958d8d0161b5dbc664595cffc0f4235e,73a1c27b1e913137a95dc082434dae7e
4e35893f4f31996ac02df23bf6f9f263,b544dae4dd05f0c37d9766b116ecb1fa
67ca3823a7570ff98ae80d105a645f3e,8fe0183ed5f03a8d2cbda9bb9a76450d
0318e8bad4929c6f39bf100b8bc14d60,c42bd69ad03e3ad9b86faeba79c1af9c
c0bbae16665bcc5c0444ef6a6f4606b1,06cf6e503cba1828c6f8eae62faf7b83
b3d0538b9c1d4a8d3e2a6c5abd09f58b,015cff51985187234616711238fb9464
9ffaf335a73824b00d414384eeeddc1c,bf9f594c747078d5274942782796311a
36ff1a8b2a515b9e74eaebd7d9e426f2,a537e94698b69009a6abd2c6ea139522
14ecd0790c31b061b36a13f581d20d71,3e781bc35f1c24b454c32b75905977d3
ca59e10f91c93d932f27d013fc3c283e,f506b89441ded9349e302fb4502388ff
a47a425225b4a36fa3322f5267a2e39a,1501726ab149ec3cc215f003e205178b
8993430a3bf89caf827d6e8379782cf7,b363198048d5b9939b19586784fe84f4
1bb1032fc75075b7c144d799c016b089,eee76af47e548f389f1259aacae350ab
95753f2c6fd2a4b3b4cfc5a528e04003,039bf9d45720280dcc9cfb5c1f03ed3a
1833150ebd4d55ea57eac3a53b252bb3,91b9076b9bafed6b3f0f039470cc0290
97d0710e8bf4277cc4c2b0c114e445cb,b0130143e567b333c4c0eecd50f0337d
712b05d1e0e7b2e14e194f3e4803fba1,8ac933124374dcbbca04f6549cd5bb50
f71772e032c16039848d56e77d539c04,b4ccdcb175135fd11cfc6a8bf5374713
0f3d08c5359e361a5f3517af6ee2e339,0b209195474be1e257a0e50859ca6845
02c0dba7ee383fe9d3f56f3954caa80f,01cb9ea136264cf595d0b7a6f586fe14
87d3d635481bb1fbaf5620f7c1544539,d880a592f9aa52ea719157e1dae23811
b93979a302f54abf00abc8b54713f79e,8de7a0ff3892792db3f9f3b196d796c7
032cfe4f05cf3e488663cbda1a9c82dc,3b47d9b8fa8734d9568a30ed6a0bb669
a25d834bc2847922d6f39239b30e6c21,3b971557bdc92b8d0672457976c5f076
ef442db0afb85c9ee31e80ea07fd6075,1511ce0f521781344a1b12bbb814f4fe
cb5489ae0c007e93fe492569fa86484a,9b916277fcc1e17a4666c5cc18688539
cddb6a59f18fd7e684f0ca92d5801dba,926b5f7bfd33a9983780335c1fea97da
c03e04225f677c16b42f348ab241f4b3,91762f75d89f3cb08a2ad7ceae38df7b
bf7b8aff6633f3190468230834b8035f,ad47d03b53d7102e839c24179929a12a
9ca93ccadab2d50a734e99cd6351e98e,a4cb5e0a9d09d2634ada50a1f5eed325
634e825af2a240f41783c89293cca853,b5f9d09e14fa9d9feacf448f1bfc1f85
06401603258d1a498f75068dd907b9db,71f3fbcec25956edce8bdcdd8d56c61a
f7a4446ba08eeab5422743523c8eb34e,6773409dde3a4bd90ead7d9c7519ec49
a7fac368b411d040ee424b0923dc7fe5,cb4ed357c51933643b1b31fd19ca0b84
bdbc3bd720f8b7424b74e2d32da73cb0,c5cb586f96525c10731b9047d1842936
460d62e1bfd5fe50873baeb7550b4f7a,5c2c01088cd5b284b7fcba64a2d51253
4a17158ff36443739aa3472f4b3fbefe,7e4cedec383a0381219b0a2fb437289e
ef6b9f9e9917423d6bdfe1ad49c56910,e786be15063847f24055c1ce2c14dfa3
a7cfc44ba4333933ebe5e5bb25a3ffce,0f3aaf2caeb595ee28ae567903cdb605
8478814da4c51fef538980ccec141ebb,c90f2df2e3ef85eeefba9bb3aa1c1cf5
cb8521ae9fa3f7857392a4236a5057d2,34a4761521f4b00370bfaa142a75ad9c
d751949b96c7457f5d80d1cc537e539e,d4facc48e640f0a729d6e22e80ef8352
f6adfb1dd6c0c5881ab1126223e9e572,9d2a492b0ef743d59a030781a76f77f9
53ae8f57b581ddf9cd03e4522e12f59a,1b0afabff04de66cffdc9fafece332aa
f171bdafefcbe3b028ea7a69f4b53639,e01c4381d128d902a4fa8b57180ac14b
d1b4222c42251f91912207bc485cc9df,9fe85855d570971157fa6144a0f5127c
90d05778ad234ecde063cc432898971d,962397818e7c2c62e1da1486b3250076
de7bbd8b21f3e4a575277d7adc130024,6b03cb08c18c9f2e58930392992e9c4b
e5583693fc683fe134d34a9fe6ffd127,a905aabf1b3f830cf20a75275832d022
d958b309251fdd2e8a36fc709e2bffbe,887631d58610514a7b112713b515292d
91a4e5a281815ff7d6b8ba40fe495d39,fa366862edcb69caef4354440d7a5cc8
ef60ae2270f86e18802ce1dadd38ed04,a0f21722cf295b36258fed8fde086309
33d437437faf8f6fc75e37683566c8be,fb6f8dde532f54bab105881b567660d2
34eb6ee0f211c2512e4d6cb75245e482,57e419dad456bd952204efc669a43546
4d6a2dfe21e755cad06e910d9d453e7e,4d3e5ba292e28968dcfca2031d51f51d
1d6a8d81dbb606f21e789eb0c94540b1,403905888d8de89ef5ff39ad6f31ac89
62274318c286209bd6db9a1620c25222,5c6de6f158bbf885688a97164e260505
38bfbb230b64ec7dabff5854a94c1de2,c8c308e6471019e2392ac1d48deaa426
556f4ae4f423bdbec324650150d49c8a,8eaf3f9a70154954f2c23f5afb6a7c0c
c5ef859f4570bef8d93342415c8bcc9f,e215c4ed84acafd1ed07d1f4f0bee87c
2b8e89b3c277ce3a7917d7d343325d72,8c96b7b300089ba7152145bd5f63262e
9be90579ce39ec5d4ad0cea08228f58a,ee51ec988d765faeb55ff7a4b2f467cb
e52b788a867e4c1224aa4d11bb484b55,fb12c8867c71528ee18d15d77724b6a9
76e495d5b1f399a10b0b3851f67a40dd,64d46c1249961f5b1a51fc61e8af115b
953f0fc20584c29381371a75f5de8ee8,3286bb4d61ef4cfa903013352ba16c07
7bc4eedd132640f23837f2198d549440,b752828654f1e824b43b3870e3c0bbd2
1ad7c312d25a718085e94889b10648da,84377f886537f51785f85499be61840a
a3602d4ff60b7b0f2456e63f9a93b169,4ec36b46d9f47495cb78baf57855c680
e9c20997a72e1bb275b109c972d806af,483466246fdaa14f77e3061c7514218f
c058b33102791395ee5aac9ad8ab0aba,2d4adf0eada7e3141f6bbe5d7f697eb6
fcf3ae9182c2993c6bc53a3dea6f22f4,8d1cd952bbad9683fc1ce659da1d7474
45376286fa4e95b37662f4e6fa2fe390,76755359a5ffd00eeb6a8c017cae4c3c
6dac06f07bb8b39312246f8115f656fc,2bd6d7c38dcbcc1b8608dc7a43d1c2ba
88a4c6841d90a20c52a0c2e47b030dbd,91ffab355cc6a46f7c06351f8660109f
32a59a8a6ea681a00cc61d0eada47dde,e1472ac8e04a081be7e73911c91c76c4
af87e2630ffc488973ca2516c4883096,e92430378f199e9caccbbcb6a64b093d
b7a3c90970de370c22898d047866a011,77f7d1fbb83f88faff12bb40b964bd6a
e28625ac2046d72de8f0afa4f8905d67,520e3309cce02fb1d5080c6d5e6894df
4215d3609a782a4a35287695d4d88b31,d0a1e86944e4e78e1b30eca7eac38fcc
5d29198656e3f6b366e636528985d2b7,251a86d194c13bde9c19becf40de35d3
f37051dbc39f11a4800e6269302dede8,20273aaa442597db67604cae3431a16d
44bc35b3eddc3b016339f7b10c70b787,c4d1d19f3721b93b626361d473aec3d7
c8f7c62aaa3994ad9ee7949e28d61752,34e7ec2eb1d39bfd7a5cb4f3f8195f48
13b09b4f1eb113a4576b2e697f307e86,df701f69f082601743172c9f9bd50b68
b56d197423e1ea56a34f2d7bb8f880fd,1babe409a6bac4ad768c0410702b0e60
2861828c3778f1ea2531942dbf8eaec8,4857feba86f569c05a4f4e777e8e9eca
f6875e35a52812750b8be7dec8cee671,d4b2898391ca83d6cb39cc44c019ec6a
3029c1e14c1ce0660ef4974bf99016db,84a8b44766484ee9c37d3736dc981613
ff7e89cdd6bad1786de67b34682b91d8,071a7bbbad673b4bfdf4635c40a8610b
8bedb836af878d344bd6e4b3b6a6d53b,eca430c2bb5bd458d9252aed45680f89
489af14fb4c1345b42dbe3f5564fbe2f,d6dd3886028b3cbce0f76577f8afe5b8
2675c6d08b852a312c01f195d2e6c92f,4fc382289ba6852876fc4da6705e4ff9
21481bda4c39c41e3bc124843dfae0a1,2e356c9c1be9045b8d5f37f09a6c9ca4
9c91d2dd05641efdfec10b347c322977,76b893e2e1fec0cb74d6cfe021dd8597
a8379833ce569791143bb5334959831f,07594b561a013694cf737cd0413a7ac5
f2cc42aaf6c9619e284f8513ac6d8931,42a76f9ab1fd35127bc86db42ed0204c
d49dd465c052981a5d3102a326ed52da,1d02ef57f32541e4299b97d052302a78
a9f0269f51c924686552c98e3863819d,96e74e1090fe556f20e6fb79330fbe2c
dabf911ab415028ec18b36c50fc6a441,01d073fc196ee02c6a67432fae29dc23
7556e8cbb4c44359acb5fa0e6db7f0f7,2c6a865073fe5c3e303fa6ba0ff64c6e
65a81f1158909c08e6f44bea82ef07c9,73d30d63972dc613c03ff358458c7086
278d7436cb3d9949db83c382f99577c9,661a425ba79c89174f2717494da4d94d
781e4a58e881b3d3cf496443ec9966ee,1b7c3cccdc743c3c9287ab0f88693b0d
57a8e5a54028a3d4a5e9a84a0bc33fbf,977acba989a2a119f941aed6c528e19e
b882e5948d7d209bbd7cf6a8f953707a,dc8ff1c627166330b5c17068ae313cda
ee5aaeb7de1722257dc50582bdfdc873,a08d6e1c6ca25268b298f701ceef985a
309df838fcedce23cd79da96d8f581c7,a91bce1b91799c0da6a322a75d92932b
746213589325e31cfa8f8deb64646dfc,a53e1f00126c1e8d780eb4b2f60bca09
8357f3e1f1f686716119dcf145fb0f9b,dd95be800fbb983177faa8abb86042f2
d7a9641b71fb87d2b7d2ebeb77987325,800a10f94a852f9de7480a053d2ed89a
64fc0d6ea8a700582fe8b322a30f5f46,6086e1be1bbd3ed7269929bd943b74f9
0b7d37e56229d23e490c84b0510c39a6,730eacbc088e3b301da00a5993df77b6
9548ee3c9b14f4102e8ceaf627703cd9,65c37e4cf745054fb425bcea8fd95ce3
d3d2a597300b4c5aeda8ae2c44b3ed3f,2be689d32815c98dfd7b35de5c7bad51
b0f627f116a89a26e0c3faffbff62906,22748d2144f2591329f957957d2cf9d6
a0f222185c14a8223b593bcb1becaa8f,3d38111435596d536ae25d2bf9a9f66a
6e060c8011fad70757d8b75f9b6c7e24,4e9fcf5447db2dbf5e1197f55cd76d3d
d8e8e18e03712a430dc3cc632a4426fc,66e2011fbe7b8b901bf37369888eaa5a
a54bb8ee54685b8cf9b8940ea083fb91,cc71928007af1fef0e213cf849f9eb8b
efc380ce12c2ff0ab66b4f4f45c5aadf,53edd7131b5477247b3d015b9d43eaf6
56eaedb7265745f3f576b0df5e8b73c5,3dd2d8413af5b44d2708281fc0545ce7
b799fb412edfd94ef4dcf6622abc6e43,7745e7af69b55db46cc5c98e370563e7
b30024d0fece6c6f6bb8af5a5181abc6,e3f689247f84bc35d7aa3f7ab28c05e6
594e40a6ae88d9b959d1a4821417b513,4dc5070c5804f8f106daf94d51090be7
1614640e1863c4c60d4775f59e02e780,014acd2aa01c0df7a7633beb0a597ef0
b3dd957c674a5ab931370cd75db16809,e123a8675aafc35989d7ab5e769189a8
1b3a4a83318399e62edd64a3e427f795,6b6dba76daa5c93dd21937ef7b1ac068
f749b7ca8f74b60e365f81c9bd480c50,fb5fde434162276e0e75cb8c9bfda797
7bbf823e7d62560e32b8359aed50c66b,5a725252e8184520fb9396fb09a4800e
d3d25a5074932a51b209c82621141fe1,aae49c0c5673ce08dbacf24d8321708e
a3cab9ea688eb55a43eafa75a2fa7aa8,bf0a412117f81ed3bd892b78a2b76392
14973ce296e2ab04e8c73c838b55a3c2,a4a7e7a91f216a61830298bd2790f243
66edf21565b27622cdbd40f4c8bef4f5,0ba0e82c2246c360fc075753b347a2ac
a2b0e813773bda9533bb1f34ed6e6257,caf3d9675dd87a8f45630ca4526f8ad4
39af5fbf677b5a578c45323bdfc6bc28,2bad48a99eb9472a8621f0acce38e3bb
f59bb19b5795c9d1be6efee3d6ea2993,efb51bc30ed37d954b5b67dc4f4eec38
885accb443f91f6faef5532d01996354,4ec99344d74cf54beb5b58a23733a395
2f93796bc18c28ff0ccf3973da2fd21a,4a8bfb59e4907246bb1128312ab633d4
58920d1572098fac03ee8dba03984775,80bc7e7536e8b66bace8f8f010eeb7bd
8a057daa768d79bf767b087de08f6097,2a68ed7652de2df60e5883925ad98e2f
bc1bffdcfe85ebeb0c8c31197c624c03,d1cab7a28c35bc8192b54954526dbef0
951dfc44eb818f31622fc4ab7b94f174,837e59b84a2e9b6ad7c2418979d20537
cde94f509ba84e7484df0c2fc3ec0a24,34cd5268ccfefa9a99d29c630b6ed5ed
2f8965014539af859d10aba3b993f7ae,c7d8c34a94e7d65b7dba3c7b7697df5b
fb004bed04d2fc39c29bfcd6cd19e855,b4eec134a15dca9b803205e990a60e6e
3960d27f698b3cbe6790c7fe834c6f1b,173e86756594feb428a50806a83db718
839aada1ce888401536935325b5490af,bd25627e0ab6354277a34379db98b305
a4b1a25337d53012f7a2e4d482572589,d23921bd63cdfb88094daa5cdb28b328
25111175ccc24476595791b2a04030f4,32fb98a2ca981ce4e144d0aec26dcbd7
7a430c095948225e80d3d9c67f48c1da,f41953b9734378e8444c9e57d8cbb13f
1f0a1c0bb49e989ac1b1206fb93c4b43,c69fef4fe65f1f429c8de19ca1e40baf
c9a16dc742f450b661df1fb74f4aa500,b9f9e582c2b9768f2d37b66a43d38e2e
0ea4799c1b5352f5d65edfe07e9ad78e,fb3896b40d72c7bb6f73369adf7574fc
6ccaf387c24dd9ac40a4392b1f04d0fc,41fb27077628df27368516680dbaa8eb
5780b7b721bc26d2887325a2dac36fba,786c3d3337ab17249ad6585618219e28
7ee640c8e84ce2d60a762d1bfd200734,cdfb744a720d6b86962a72f63d7c8f35
0f7f5211097b32c18e250bc7b70ba71a,b2114bc175ca5beb220146c1b01e0111
47b07be80dc0ae779a61722bb69b9726,4d3535c783c074044b77fca3476aca49
bf0cc21b03c93e20d04cf6de9f981288,d2c187415b24ab1d36ff6aa47b8f931a
5a1780ce635204ab898d5a7023e0b7aa,f0350f4448b3053d3d61445e32c28866
b92aebd96e614e78e71b5db93a28b783,b10e23bb95e9bd66aa501ef8ce1f356e
ad5cd9c0870684fc1181e3a5ba9f2fcf,2bf40d8cc3482fec161ec97c6c166284
3f7670b82d976b490a2c1e14de52ac4d,bb454e8a27f6771f341c022355ad2d44
f06a942aca090401b0277c90bb86bd70,0742df6b835ba5e843b30750d8aca272
c8987557f4ab93b35109183a944f857b,786e5ebc3c561841b4059cd2e805696b
a145484b0055333f05df822a92b01585,246e01666568fa76d7b2d0bfbf95bb6c
ea68fc51ee4567bb56a5a2e22a31d893,dfae96dd3d452ac86c2b8258a7740370
7c9359144ae2ecde105f2363c78deb3d,ff216e4d4b71c66a7dc14daba3815abe
290ab31b7de2d1c3241282db55861a39,692f1262a412b5514fdb3ae254528929
4258fa76592a266e2ea81c79725d39bc,377f161ead73e7396ba4f9a1cdc5a688
f0c2571a0da65cbc6255e8919a95deea,be6c2d8dbd5cbe551d3c0f9a06b8b952
ed6e971d9b7e822b66e52c0590ccc347,ca5b717fc4eaf7065ca27d64ec7d96f2
9e222957f5ef30567cdd71c5aab31d77,872e7eb52f8e383bc1593f7ded73cb8a
6c9be6e9dcedd1b817c53678d9bf709a,0451894d52dd98cc3864a660331f0368
f3e33cf3c9f3dd61f3dddf61b60675c7,777822167366988497c92b035b03dcc0
2aea816d17db7743c491f8364fd95af3,6e6c779c1266b133282e12eef5c84025
7328e17139b0a992f3d50cab066bd21e,f3d65f493e06c825149764bb5b1848e6
2c010ff2c8351243f3ff68044ee4d664,9721e224d4b0a1aefb63f07eef244ef6
8847607684a0bd7408800d62012a0765,58ed3323036f0c458de7b90e46268cc1
a3397200a6ef2a2aa821f2327eb8f2e0,176e63eb00ad824af119b5ea872f05b7
8df4ebcb17f1133d615d6d690a70b286,b3dc92c099f2d0b7e79c51f9dc7b437e
dd1132fa797d26277b77096908f27840,5e03c557a02ff383bc3a00bf31a6efc3
2372a4c9a5f422df175e46ebdf0011e0,2e55188dde6f11aac6bc68b96704df2a
6a8930680284d4e97e70ca44e8c1d5b7,6e80c573a5b7c0017e1d04ac79a87b08
54d72c6658c0b44536e1555e4c3094ec,c3881c02a7aea4b47b896957379a9efa
42ea0bc8fd002ae4e2f10d56216f418b,2ab3c3f9479f5798c66801ed89b9bd36
f30a855ac8fa8d7ed6dac183c1f24de3,4596a4962e1d9c99f55839cfec2d4606
2e61d95787334f05ca94e600d7dca057,69912a4023ca4f2713398ee27d26d7e0
afb98cb5d1d9e2e22b6aef7da6e6b991,011f0c187e68975e88f28d3ac0c8f4fa
866954a7311deb9f828d4d6215423947,d8f6a32c2dce41fa50893ccffde992ec
5e3013151e90697457c5befa86bd9d13,f4e3d0b23923d42591a58df56b4a5a99
9639e10fe9c915d68ce99a79ee96a303,f1b98b34ab3cf44c955492fab31bc140
785a8f573705232add7c0974f8a72fa3,11b15158c91bfd52aa9c816460c7dbff
d92030639de0f9f1ce4813ab182753d5,a7fb08d07d6eb92874cc2982499bfe0e
d49d8e279e6e1a3dc83c5162182ba828,c5746a7d2bea49853b4fe3455459648e
24341c344d0806892ae06e61a8159c18,f8208f82402c1ac5c66c340d8f71ddbc
981a62403da9bf28af94fd350cf6f1e3,39276309c3ebfc4ed33b99b7788f448b
cfdd6b60ece67e174ccb69e5ef9ea5dd,d1ba20b73abbe29ab60c52a7ffd8dced
28c7800664630b0419e71c1e21b6fa83,926652f2f6c93ca89d2c10c10ce86425
51ffc2a9f29c909d2d8404d23f1c6aa3,699cb962536ac2aa6a385a99fdd898ce
55d39345eee547ef758398364c65d5f8,3719550564577edf8221653b11b07450
0d00eaf88041cf6d326060d2a112a3d6,e510b8ce4c6038c4f87fa0afd4dd0bc9
d70cdf2285629fb9a43543694cf8914d,d46067ddcb164e9073a1b75d8309b29c
8797f997e41f245d2b949e54c740f18d,be968b79700afd3b0d991339d282d8ad
7042653349adb6b7749780997d801c30,d1fe1a5f70cf62d51aedbe47116d10c9
08ce5811807807fcdc2fd010b9c312c8,a2c3e3d6e46c3699089ed4c28f43a331
8112483a3b09a2264cd218c6723ceb2c,3c0ef9fb5785422366cb6df76c0836ed
8a7d8fcfc4945eea9d54c02aa64e79f8,377349c589c3029b1855890c4d4f7fbb
91196d66e19c0e03ad94145840916f95,36ad2009914716ed7bcc15f063cf2251
3e4fb6b2d5d96ddeada379611b197c3a,d20c819cc2551b2518102377be9d6f8c
90046962f46172f9c688bb296a833494,2cd54d5bd68f976fe0f718dd14fc13f8
2783ba5e63dbacbee67621ce5cfadf38,c979adc41238997ed515f4a782421b67
f939e0530fc1255f559c9543fef28694,407d5687591bdcfc0e595332f602b2ad
c6c283e527bb1074090785465085d781,a1427077fda88ddc9a10576b9e220cf7
1b59a8e03d874c9b470d56809cc5de89,20f39ab53901974f99e9cfe1078f477d
4e41ce9c009fb6aa1ab5e97f16b1c150,dddc474ffc6c453e2fed88eda9a52891
9aadd2272529140fc8b4f802a573cbb7,3487eed2199c02efdf0b59c02baf447e
d018cd761d320a2f2cc7521ca98f7e6e,6051fa32aa214358151458e214026053
866afda27a9f7b508ae6d9b4445f05e7,231913c5f00e4f1e633fef74f6d9867f
eeb577371264a357b43fd14036dd9ebe,be8c8e7d72baed09576ca12d4981caf1
79053d04e39cb83dbb93cf0ffaf2af50,247a9f52790da70798195e3b08d2d7db
7aa2718d5a2669b9de964f019299939c,60c3ae70a2987f86acbc20b3d8eaf5ac
16ada7b5a0c0ba0d064d983f23e76383,32d5df6cfc1ee911fac938c357189dc0
ddf271865d760a811e0ba07dbefec27c,aefa3ec2d149f85e6961dd4e4d957714
669d9d7a9491d5cf5445f5b0ff48e193,a0e666ec84f4a1a3a0e31d3afec04f4f
e2e0e7682848e71620406101b3cde7e1,94b83f89770f9e591f62e2a0eadff7b8
84a1bd342a54eda85a7b64fc2c326278,470b85eee00903405eb1a5eb85c29829
c542cb1dfacdb99e9e4f3350bc00214e,09539b4f016b73411b46406dd3fb84f1
34bc2e9265765d7cc6b89467b722f4f2,da2f0bcc86dfefcb5c38ebaf1200f352
9ec18e7b3b516b63263d55824044a7a3,77767884a922473b77939e6e43ac6383
bdd063e095dd01563324584efbf6c4e8,b31ac6c48253a4a17960c277e15f23e2
263e7d12658a0b72a11245d22069906a,612a63cbeb2e446a10d31db7668b6de7
42695a70baa9beb3939999ba64b634e9,e91c669b3b17c0973308e6cd57a21971
47c3b8adb23e3f43d9ce4e864764d716,67124380eed6f5cbd520318c4ba6a323
71d8b7113e6d108aa340d1574d07acb4,0e7e5101aadbdfdcd22c7ddfd7b2e3b4
1535fc2b4a1c86371aa8872be06ebb62,e44e8a19e776dc39e1b52f51d91a9e3c
00b34d24398cbd60af4c6c4fedc99a3e,38044dd48fd89ec086318fb7f45e9502
1c6551d0477ef474c9e48aa2c317a3c8,86840d8ce2929367362102898e0d5452
d191cb9392c170e15e18bda31f52cb7a,fe941060822b9ebb09278d00d58debf9
d9fbc2c07e1c605ddd22c39dbd87f671,031ea574d33ba17e1783c388167bb663
78da315155c43cf21577fe251d2d00ae,e3f5067ad88baf477b8105e72afc5030
dbd97117d53d1c2d3afd0d78a819cbbc,7e9c6b6b247768c8978312dcb34d43e1
2bac4aa89d9db6d4c0ef2b0ec281d5d4,5d9779394efeab99b9303618b446312b
c7f57ea1ba95f138b7813fff181da536,07f9f419b5169ca7b9f6162650690f3d
94cbb411abd1a02a73890a7e10d4001b,89e9686e20210348a76c1b3633de1e10
a4f9b1a702edd50bc254410fda1d32db,903585ce64f80c27c384137c4832651f
d7994d445fa1a17feafa805a992f8625,6946b1083b6dc2f7f0f548bdceb4e7fb
7da3bb76b81e3c1b6a2d89b0e3a9afda,3ff85cbf73d37be5658a19ae16bacd7d
fa6cc5c2c086539d560c8f13a6ed2f80,0782f5c542a3a4bc9b10bac51ad93368
656107b98c123fd584a1555bcb9d2472,e0279bdf8a1ca2b7e244edfd7c9351ff
911378bdd4264fbd44b66932cf3983c0,14175f07e7f719f9e338ca2bfbb5f1b8
5be68a0fd74cae9fc589b73ce359071f,6aa401eb1a8a494045cf6d7c0d39ce57
80ad044ca741ded767dd6df455f7507d,de3efb317f614008154536fdc583c801
ad0890ebaed57458ccbe836b076dedb1,144e9ac20396a81ff1a69f5fbea8fb67
3730860222d762fb16ceac46e46f8819,b0d4548f12af20af5c91f5f53898a5fe
cdeccf5103e9653475e7a92ded14a401,37f88fe51fc55abb54a5311e88508f62
ef945cc48f9cc0bfbc2234681751f213,a3b3f2f13eb102520b6f00d640ff038a
84744052bec4c1d190a914a5d70dbf9e,f9ec6c09469088313132f8e51f1a48de
7e18113714ae0c830baff06bcfc58802,e8f629857f02c066e6f0ae3e4c203ebe
92f09248793f80f89868b159a1a7b956,29289ecadc9ddcbf6484a548578b82af
7483f5345efc40b83dba463af172bdc4,9797edb06ddc4e473dd5261195684541
d22d4beaa8bd0677d046049e9a5d508c,8345e4a51692a0bdd413f932212e6df5
cb17b9d6ef1ef126f90556e1d701d2c3,147f7231770d7fd3686f005689d232c9
0d347627e30db76cccc45ea3ac2f6713,572bf7aad72f3f178cd2f43941069382
c7cfb0b2ca489543187d4932506b9cc0,d38811679f7c2549bf970d889b2a6658
f6d9a4d40b34a660773a12c036383420,e2733972fbc5e150906710779249d037
8ad6987ac1e6a532f3ffb0246817da99,4e5e1cf3ab7dc43d8a7376141ffcc376
adce8ce0c5f3d480031647b24189fbdb,eb3c2ad07ab9eebb4cf6dbe603552464
ad5e0c8791dd9195763719260f46c3d8,1bdd6d5156019b846b211271c39fb284
e6e520a98d496caa1b101c0a3a73df34,851d4ce9b7708c748ac53333892ed381
3b5678af8d1c63e59ed8132cae087922,2ce4a1fe1090aab42ee5f1105bcf85f0
e7215e45ac9752b48a41a008dbfe3bcd,b9d61ad6c3c5e93d1291bb5674f4148c
b066a4a44216c4d1d18b8a6a23263cfc,1f39c67736da1f58ac794dd5e578bf2d
25d72fbdeb95b2bc3776174195b61020,1b744e820a03dd5b8cee652df2313800
cf0d31777695ecab9120fd8dd386a704,183734bb6e78291a8d66e5500064aa77
f444969b8c27626892c0151a60f752dc,e27881f9b9794470edbfb8606846ffb7
0b0407560bcc67ec3eec287715794304,3a88ccb47bcbad1ce78e95eef16cdb1b
0cab1f5461ae881725363e2a8558aaf5,a87440d587c045dc3d398155483e54e6
0a7efe10d9e026bbabbd8ac63a8f88f4,33ea2e63b149849c59113e53db172c6e
04e1c839bad89dec333121c327ebb82a,f3a73cfc77d00e9c39d257810200c481
b79022405e2ea772ebecbb3fa5686306,166896e0cc2410a21315a423b7990dd5
5e7a32fb370b42c5fdc34aaa843b698c,168f5f48b2904d5fc764b2c0de1cf0ed
51969fa2e5173119e936b8e24d2eb2fe,0dc77fe1750d46927138eef4fa4a6687
1d4182944ad9d5e41d73a486395ff7b4,be61de17cd8ad0f1939bb540f3fc51c5
5816b36a355d8a934b58f8b393c0d0f1,7e947941352d491a089bc28b8c5b55f3
a62a6a666f11b21929a3ffe64a32f41e,e8fa5f13063c044876c4a9ca8bed0cef
6ae2bbf949ac14bc10cd4aab9957023e,8f6bd7c7375d44e330989fcdd81c593e
1d2991cbb95f587fa223e47a327ed6c7,f18e1c98e5abfa24eac8bda9f58c4620
d97ff240ff71c1ed44f0ef11afa07a4d,1ed8884343c8a1fbd45059e1caa63e82
5b616263b31b7d7eed6e504d8ccd4795,d22b6c3cc3d6132d2d83364235083274
b7cd95589db870217138d99435c10899,a22b63c7d275a08d301366fdee0ee455
996a461b0c6f1ab27de4a8fbbea755fb,278ed163a72407b75a5b68620908295a
bb03c5ccc719538cfe7276532cd423d1,d43f8acc06bfcfc175a2737e14e8ac87
4f57830e6627b4733e2e25f8e0f6196f,8f22ec99e58747236a5c424c806d4a06
870250c3a11337fd156e988db21c23ac,ebef6ebee0b09334866546af62dbe595
fdd3c3af3595ad9e0f2d6db0b34fe37f,66be81a9a7f281b71cb6a48684b1bb34
341f8d05eca36e2f017c3bbefd342987,a65d867222eb18380988e6683af43fef
334996b483d646d98bd810c898094c26,09456f048453fd1280128670edc55eb1
14fd6a1c331ef9759f935b8b1f6fcb75,f884568da85b39011706c07e87eca16c
686b88e060a9a0fe677d6b853d87cc35,3949af96a9b208e5998fdb35583c7663
25abb26b1aee4b97ccca2dd5ae80669c,07a6bea244feb310b3120368363de248
2be3de5a57a1b52bb154ccc33c4148c0,7c3a069447bfe6d8e8ef00ef6411f6b3
0d38e3f466cd162a8aaa49515b5d5963,b76342992cb0fa0b7b858cf0484ec406
67c45718c2f76cd6af781a8c89b02fdc,7617b3aa9556459e02c044203dbe6d3d
0417b1697d82888bf43df46b9b89008f,6d10380abfc6933a5132a4d6d1dcc34b
d074a1b84726184d1b215b893ba96d4f,c8c5dc0d6dcb96ac45cb3d5cf7816cfc
99f0512f54405a044aa3e8b73fce7e99,353993859dbac14294c214e684420862
f43da132cf3ce4ede9f837c4c8b85ee6,3ced90ec4acfa43a9f4ae6e85771af14
3d17826b1fac3c28722c2e53ea1c5d46,52d821aa9bc2b6259ad4eb92e6d1c256
1c9a8dce5e6708f08f3e5861c10a7270,b0d52c30ac6fc4141fb8fe4228c171cb
49d851103a47b051ecdaa53b95bccf0a,2f2185b3f5f1c697f351075711e0f478
a24d20f1289f5e7b1813841eabd3cf28,6908adf1d0546e7a9748cbfb8beb4cba
0cefe458035144795f2c8efebbda325b,c9b8ada64b131042456354076557e3de
838106fee5e0ca8e9feef29cfd9e8ad9,4c27ab5cea09650c7400d1752bee2b7c
ac15f43aaa04d820700aa2749efb5e29,97456d2372221a107700ced5eaf53548
b0de169a0ad05e8e16d4945434e4ccaa,0f01ebfcf0dcab4f287af0920e7045ce
d4db98828d48385fd77a2683f3ff0033,32c862c9473c97861e1a9b9d8dfb3c96
6329c06a93698b3f55152cbc3b75f0ee,beea1c5dca7536af8884e5543e57bc22
549a57424ddd87cd90a02052708bb90c,fa26b5461af7b18013bc9dd81c44e6d5
05b98104ce4e4cdd0053e74acbc3c3b3,2cf2043b4d1de879afb3c9f1db5cb824
160af563a49c3faef18720db04349d3f,7a5cd4edf3f36da86e92a813846f8857
cfccdb400e47fedfbd56bdd76dd6e6d9,891790276510ce0da69290af4d200f07
30ca5d8f777cf722b76e3a8a138d1906,bb85870acd683332a6d1f4845cacd3f2
d8903e7d4ba63ac8e1cfbc3438b3412e,44243ddabd16d47bc0fde8aba022a6b1
9f20133b6d8ced57514637eee5a0b546,80deab6b3d6e759f7646c37e27a5fff5
f80cdf38a787b47a759f6d4e9fe3b4c5,f8e95d233fbeb53a2c87e008a2af19f6
bede2ce791c901db218b5a6203f2267b,4a5e5c96db34704e12c6a68450709745
48e2dc970fd38ddb1fc2976d54189e90,73d1ed5d1fb4edca64686674ca75d04b
de689c0c56e4a6fce6c3810d6270e5f2,875d455f5bacfd2e91cb1c2099e79d48
ea7cc4a1ff4c677021b080d06928245a,278fad26a7560da680db60161e62b9ef
e14981615db730a7aacc0d006f2e3416,16a4c90e1f71c7a1b4a250c364286e2a
d5027746f462fdd10e4fa139a4470dea,10c02fbd93259fb47dc4928c116c9faa
e64a5e01beda23712fb2da43d49fe84e,94f4760dd8abe53e6738b3d134785871
bcc4fb21e597661b4d8367bee7a9bfd7,32ec925fe1ed77482b472a2ee91a1c12
a8a5e7ecad1434334829855e290895af,a63dc126eb578e68ccf5c8a9ecb00e59
efae151169f7eb744b41ed35e1d3a2bb,bbeee7f98bd3009bb5356c4a18511906
7b8b44ebe2e9dcdd9f912ab6ece8ac48,86bea06d0b9834b51182da7735ea4c07
2e901eb5bb9571b51074a12f0bf7e8ef,21833eab73b5ea7d4ad0fabfd30f1383
a10816006feb59926fbba9172da322d9,2c792e9676b51e3e9c085f66f863abc8
1739bff3378fe9e5ea9c69fde01e6a27,c491bc0b7eb727cdc52392f69427e7a5
eecfdc60b8e955885c45d0ca792b69c2,232fe6701b8d58166f868f28a1adacfd
0523498ac95429dc2611a3257c39b5c5,cbbc91e9d8f3aab0b3ffa21794c02d2b
cba020a6c28480f9d8ae4e3bb670f075,b3926a14bbe6eb35eb4d1dec30f6e51e
ec6256439801326128736e6514f8c5a8,ca4461939ea1957a1ae62fdeeb5a09f3
a7b04fa37a7740dd99e12c157a344425,85c95ad58e972a7cd8379dba4b3e98ad
3f3e90916e370f3c54c62e39982e12bc,8a8b8fe20ab80c32f36b5d0720cd9fad
7ec7ffa8abda93be1c73a9814e13e5c3,c233d2f11e948386f6b35b4f658b8e1d
6a6ded5a6bef88d920bea88aaf6e76f6,16a567cf98b4ac21a774ceca91c0d4af
eb3c6754e0738320befed27d7c3001e9,2a8aa81dcfaa40881f5a4acfab78ed8c
8196aa2c475dfb7689969f5e23880eb5,ef69c0f0805eb07755f4c73034453bce
eb8d0a3b9c29bb109a4959c477edc7d7,cabc9f02743e40a14b271858ee8e3ab9
0e6355ada5e4763f1f9d8e0f23e841b5,cccb0b1b80b0c08c085b4558609ffc59
6a0f841129784181de3ab8b518d71cbb,94364dbffe8e7195f92aa8c4f21cc44b
4d24f20e4617252a61c8508ab1257ede,7149851b89943491dbccc754d1816a6b
a6006ad060677af8ec13dfaf0d8eaea6,d0f4f00ee52d035496eb4bd50adbee9f
cfe9d1850115bb5091385a29a1f07e64,c8b27ad7fec3c1765432ece979c613f6
ab37f63f57fe3d50a31da4e11b9aeed8,6f527dabd0854ce0b7f196d293bea148
86829c63f337fa5b808f28998b37cdba,f4b3f3e2bfc979c430155e9aa1c88198
e64f5db2618d8acaee7dc65e5ef6da9c,b9a54ff0187099989a9efcefd1f1b760
36a862e5bf76cfe7744f4831db00524b,5acf828eedda34eb035807f1cb5110d0
10326d1ed3cb34a307acc00b3de7798f,20dec6bd24253fc9483b409a7f6a172e
e0a733c833b1db3b6951c699c4bf68c0,ebf1d607763273d0833b050d9bfcdfcb
062302068de328ca4483334a5e063239,e406402085153b22696af1704b438102
148836d1e21bfad8d19878ce67de48b5,b4c1439c4b5ed47b41023cee6e34f15b
072db1b1acc9cd7e5f8d53455ebb4845,0a370bbb3c1ef70c2c393ba21cf2091c
603fe962692f467d6988dbb50ab54e42,94433bced8defbe7689f148a28c24d74
bf1b644575294134ad7e34b855d26a64,9018482d4ed7b82f87e18f1848684d73
2831fe0601a50157bd305ef176978cba,3c6fe9f3b3e2c528cb611a3b3a041f4e
124aeff9b68169981673fd7ed8be6224,e1738716eb8295c33f99fbf87fd410f3
fc8d1e90836bd641e6311c348d8f7fb8,bd32b624da5453835d42867b8228a4e8
e509b73bc7e17914f03741623fc84bec,723e3f3ef333f30af9e073593ccd1064
fa5713c839074b751a01ab369c356506,4c3e321428b7de614dd149effc693a46
3b23db2a39e5df28bd141066bc33520e,e73c2078f5ab1b5014dabe503ec775a4
90affaeabd989a05461b49370bee029e,8f676d74cd4450154b0014bf1ff47768
29be353806780d90fdc45ace7000a91d,8842f124d395fbd8e7507291a69eeb33
83653399594c90aa37eea494813bdaf5,301116ec5ae7ba4c2856a5e214d65722
a50bfc8c67dcab4b6f5a2f143ab97e79,cadfa61edf47d30619deec061a4f7d36
daecaa0d115ea7b9f8d2abfd50ec9f10,176ccff538c5f48c75c04546f5798ce8
96ffc7c88fe3c2951c9e9ac19078128f,7893c9bb90f7c3f480ef06d756130469
c7ffcc772de1f62e9c26ded01a8837c8,d7f69077082951b371e102bd6174d240
9e48c428e31c55d9e1ab080d1f2b32d1,553a2c280bbd41f08d53b4e17eb91f6b
97695c1e6bb75bdb6cd26883fc9d88b0,504833be9cc30fdd49be6841e60ae01b
7a12616796b2cb6c22df18f32d1949d7,37e5a91752cf8d570390bc3fa3edd146
5ab40318c9cca31bb20221988a64ade8,044e403f6e8bfe18c77150c556bbac25
022fbe7e46d257917e09608eb561bc02,825cf40734fc735813b522b99a7d12db
ab0f1c207eb37bc6cf757db5bb799a99,243fc689a82399c743b599af42b34d9a
a55e2827ab4bd09c822d97fb237d2e0c,92e5ac6dee8e5ca52e2d10f6abfedf35
65e90801a49ee90c0a931a7e90ec8439,2c8fce5eda7c4074aad440dfeba5dc44
36e8bbdc40ff0eac318b41a7a96f6042,f15a064ad60b135d5383fb45e4030d0f
b6e572eb4e0eb2db6c629f0daeb73663,942e58472919baacaa1a56b09dbddde6
f65e297b123a6685cea120362a240a85,f0ea33d9fae139f7347461b6c11cbe50
ee822ff863b7bd1c040efbf07947d9a7,43897830057b52aaa5e7609e08390713
bd98f1dd87df37e81742739e5b18a556,4a8f0f534e1ce391b0e05a4903a1ccb3
44bed736e99cb40f02b96422e157a70f,ec08fdf5c3319f5fb2f4e478c4ceec1e
531785139536dd1a9c5b7c2902b77aa7,cd1ab22c352c1c4837853bc3cb4e8bac
43e813f92d25ead12d6bf6aee0db3da7,7719e06acc930a89c32abd9b1078dfa4
d03992f72e6c83d0d9503dbb2f4f92bf,9e2b02bd64baaa4b87a6cc097192cf9a
9993d4400fb4ca596cbbce83f86749c9,a15dc370977f88d5116f3ad316280f72
b592e4a1d861c27923f98f28d671f22e,1af5c14e55388d01f8d742f9b8dd2187
ad49e78049b3ea4806423aa3f01cedf6,5e86224ad62e42a4bc5e4757f2fb157c
970c3a6d4878bbeb07ba7991abb868d2,ece40bf945556d492de336147cef5b7d
0bf2309457e1cb7f967e8557114d65d4,79e398761597c14d8340ddf6ed96dac4
5a89d574e25d6d8e0ab58fedee682018,6feffbc70dd0dd78a4db964c71d48c8c
92b050453f1bb32e15a1f47571881154,f1f9213ff5fff2ed56909073a8f10fb0
43f93f569c6f44ff17e860968b3c186d,fcdf98f9845f4ce6b420db51fb6f4490
60a9a30333087b6d4bb7deb00bdf2c1a,f5763e78f390786ed82fc84b53dccf2c
7fe36e14151d587ede5ecd9c140ea213,7bb5929455e14aa0da6ee87491bbf2e8
8592fd50e47bc1e71704090751ed12bb,bf4d85060410584ffc2b1daa36652c49
7864ea27f4d418ba5d09d93c551ae781,795f027c564298a8db64f05aae52bd56
6060c1326cf5b4a8ce646735c59f2b2a,e23a3b25a14e167ad2f5d8bd58c255d1
4d226af3072798792480fdd7b4ab1f51,eb6c254004b18361f2fdd2e1c2fc2ab9
d026590747ec7257c326bab4d6474af9,6303561840ec5aafc74df11647461f03
69ee747f4d2a5dbe7ebc679f3940ee4c,8e051918131c876f0b01aaf237ee3466
31818001c06092cb4f0f8d4491533897,651a805d379958c94001f27f07c28235
6e754b952168b24091ad75d9418d378c,0fd3d04788ec81788ae5d840ebabefcb
c3d63380fd56ff5622ce47f1816ac783,a68037c08f38ff2e370154544638ef27
0f53d710d17bf7f484fa2d58a164ba7c,9d687fc19c03538ddbaeb734a43e2e95
99562fc88ac3af74b88be798f6e12beb,937a3e16de6cae3a7a15282b6e3aae1b
8abcf2f8b0078c18481d436297b60320,97f08ef8d247b9c9e5a277e6ee93d27c
6a7c6700dbd7474398c8f4a910c85eb2,2ef03c863d9959a97d2a9041ac22d78a
4c58f3a0c98c4bb10dab2ea01ceed41e,81650169801d50d9322b15c8f72d744b
8af87324ddafcbd74a7ffb47f0ec2c83,612d0d0e3bd2b1cb85b12f656d1ea9a1
79a1a372228e654dde73a83eb234ad23,e45c8c9934fc2d388c1b87e99c520d43
b93ad06d5cde23501dcc8efeeadb8123,32d4502aabfd26250dddfcb7f801e9f2
fcdeb97d232b64942e4fea18b28326a5,ee5a351631cdce51ab3d27195d90876b
8b6202c67782d9fb81ae36a4bd91b8df,a20f67e3a79e81a8235cda412db8f971
6a00ef8ebb26957bc91088234a0420a7,b328ed74b463ce290fb354c5f6cab663
9de2be72d8d1defb2cdcd8125f7b61f5,12f09a5f63aea84adc8f2d05f4087c9d
3a6b11927f575a4c8f31ff19a81d758d,a2c71d8a6ce90be222a20a1ab007a015
a70904cdfe7db1b44a58825c3365ba52,9019911fa15d63774993fb929d7e9757
a609b84643831df3f84659f207ae3797,bc708f9c4c0849be6b793a30f585f461
4f97c2adb2bdc83cac865819fe36c178,3ea80f05493154719b63e9af0bc7dd55
6431ebe03093fb1e639e831bf3f8c20e,64e8f2843edbff144dbe738587d15da6
f5b6e9984b2ff4d10fb6f7a343c16444,90714c26efa5c57ac7d7dc30ced9e5d1
14abdb31140ac9456db556fe458c7073,581ec3660512a63ef548defc179b9d40
55161656a329daad75c9babf18273094,056b9fcf3e8d4b81347bc73dc15a8b50
910c00220ed87afb97dfd17c0367cb94,b0600b742652bb4185c82a640c91c84f
7ae642ee992da48f8c80f92353b30b0c,bb920aeb04fa447a5836e9a8f61bd54f
ad3d3833ea83194d503aba4f78c70bde,b619bf1fcbac4f8acad5332ef2f8b112
153399a285df03f703a098fc99a7f853,47d875590ea88fa358475aad646d282f
d87e1f973852e19407b8f1ce5c16c137,019cc7dfcb3afc9618fec46ba309b626
38044f23c053ff1246ee92f47e9f667b,35a2af107ea9bfc4b8f60daa54b3b57c
0aa674c101b983316a9c032856540210,7eedcf1b877b945eab30244018426e45
85af554e5316615980e7f5b2c8044c95,3effd739d6499cbec8fa57784bfc938d
c9f4d9e6c1e8fafccc7f3edf6443061f,73b41cf138ed6c18e0fbf9feacaf95b3
2c6a6e128ffcba14634cfd1a1ff5e8a1,6861989c5c03ab42aea2cf7c351bde0e
167812ea8975fda35c7c96c5f78913f2,9f4f61d381c48a3027fff7b8c57b27e8
94d8dcf983b444c8b30b29ff1f688cde,15d08f07e46361a80dd39269b3cd789a
a58b6815bb7892cf5dc84203d1a8eb50,87e7f736870da371de243b0afcfae7e5
291a69b42b838df13b9550e2975628ee,1d83577e3dca9d477b4ee40798a17729
e0148e1caf497f7377fd818e81880feb,14024cbd09e150ee57cb70327ec1d793
549260c1e3c0f31861d6ee0da8d66926,217be403e863bad00b0685fb40e5f0b5
7a6bd227358204528bd2b5709441e8d8,ff7977f27db858e8ba2040795820a8b0
36ee0e6636458ca3830d662bee613433,1b086bfe9e5bf5412064b19e23d30ac2
66809021af8eb7d6cbe30df47457d840,968c0727e00d8655ade8cbf7a0d5c5db
aedb9abbd944d5c58fe4679cfb2a472e,7f2e8e498eb9a1606d6e8a45154341e9
b0c53f97a4bd01cf83e0f48b1f8ac0bf,89d60769650cfe6976f958d568ebf107
f95eb7567737a9fcbaed326fa6ff6f72,02e3b3be5cac9849a4922b137d3afac3
884650f6eb8297eeb50b3754cd00100c,4bb6ace5bc8c2706101f5d1899a54e89
1c990de529e66ba51375badfe61df09e,85634cef9824358122b50f00f5b0736f
e82e25b0a2b9d3f06f847af537a4a6b9,0104d8f8c54d393d5de8d676c1a549fb
96045f623393b0f2485e868f1d3bc2f7,46bd7f06df6718170866fc8c306d4d17
3729cd41222e0715b223d0567edf150e,22dacddd5adfc126a74f9e495caf51e3
c92076b0b06816f02844cfb16abe8d43,3f0a57837596b624fef61e7fc78b2b75
5648309ded617e18a1cc46c883b08263,af8b086356adc58e86ea2aadc2a608fb
c67ccf5b23c92fa2091a1b95791a8a19,fd36563bc8e21451dd62fbbf9c9f94f0
